Variable,Importance
sd_abov_sma199,0.24154537375392907
rll_sd_volum200_1Y,0.22538010513847107
roll_sd_ret21d_1Y,0.1853657770598517
sd_abov_ema11,0.1479117187782987
sd_abov_sma101,0.08521980795442873
sd_abov_sma47,0.07437959742176486
sd_abov_ema23,0.040197619893255904
