Variable,Importance
volat_roc21_252d,0.20646173468145906
volat_volu200_252d,0.18180493717779583
sd_abov_ema11,0.17425423885581318
sd_abov_sma101,0.15033573003733797
sd_abov_sma199,0.13935775797021727
sd_abov_sma47,0.0965888589774171
sd_abov_ema23,0.051196742299959595
