Variable,Importance
volat_volu200_252d,0.19090091201727521
sd_abov_sma199,0.17885047546326624
volat_roc21_252d,0.17060048879779718
sd_abov_ema11,0.14439565345498884
sd_abov_sma101,0.14130365828121538
sd_abov_ema23,0.09439793454100232
sd_abov_sma47,0.07955087744445485
