Variable,Importance
volat_volu200_252d,0.2878071253792313
sd_abov_sma47,0.233084563876965
sd_abov_sma101,0.08514633168814255
volat_roc21_252d,0.07203336292093426
corr_ema23_sma101_252d,0.07163597619002471
corr_sma50_sma200_252d,0.06355844997514569
corr_ema23_sma47_252d,0.05022400662438524
sd_abov_ema11,0.04946731870980852
sd_abov_sma199,0.04802162233259738
sd_abov_ema23,0.03902124230276538
