Variable,Importance
sd_abov_sma199,0.15791184463084249
volat_volu200_252d,0.15003483125564346
sd_abov_sma47,0.13723745885415892
corr_ema23_sma101_252d,0.11622185156835459
sd_abov_sma101,0.10817298181960117
volat_roc21_252d,0.10447727321678786
corr_ema23_sma47_252d,0.06708267425510774
sd_abov_ema23,0.06222065627392984
sd_abov_ema11,0.05983110609108001
corr_sma50_sma200_252d,0.03680932203449395
