Variable,Importance
sd_abov_sma101,0.19552707449159518
volat_roc21_252d,0.17261005189385045
sd_abov_sma199,0.16617771145814766
volat_volu200_252d,0.16323160818965027
sd_abov_ema11,0.1325907883523753
sd_abov_sma47,0.11604114201303299
sd_abov_ema23,0.053821623601348144
