Variable,Importance
volat_roc21_252d,0.19488144957214298
volat_volu200_252d,0.19259416241213642
sd_abov_sma199,0.18081021591411348
sd_abov_ema11,0.17104106689432486
sd_abov_sma101,0.1268497975727868
sd_abov_ema23,0.07884478366173447
sd_abov_sma47,0.054978523972761005
