Variable,Importance
roll_sd_ret21d_1Y,0.16829967441178267
sd_abov_sma199,0.1674420550783759
corr_sma50_sma200_1Y,0.12199589411077716
roll_sd_volum200d_1Y,0.12076624984088818
corr_ema23_sma101_1Y,0.11644438637994638
corr_ema23_sma47_1Y,0.11418377285612498
sd_abov_sma47,0.06711425270370601
sd_abov_ema11,0.05287406868934487
sd_abov_sma101,0.04175566322442178
sd_abov_ema23,0.029123982704632064
