Variable,Importance
volat_roc21_252d,0.1733221895726694
sd_abov_sma199,0.170706881051445
volat_volu200_252d,0.1123126755292202
corr_sma50_sma200_252d,0.10221072869242519
corr_ema23_sma101_252d,0.0809443128137509
corr_ema23_sma47_252d,0.08093820290944523
sd_abov_sma101,0.0763604231824404
sd_abov_ema23,0.07297761429007428
sd_abov_sma47,0.07100663896812288
sd_abov_ema11,0.059220332990406535
