Variable,Importance
roll_sd_ret21d_1Y,0.2438850845737418
corr_sma50_sma200_199d,0.2125903995590489
corr_ema20_sma50_1Y,0.14893731985267464
volat_volu200_251days,0.11675026128304285
roll_sd_intra_day_3M,0.10036961540431148
volat_volu200_31days,0.058330598730464096
ma_cross_l,0.042857613573783926
volat_ret1d_63days,0.03781483656992483
above_sd_ret21d_1Y,0.03492907322762918
above_sd_ret5d_7M,0.003108200323857374
above_sd_intraday_1Y,3.773014044017477e-4
above_sd_ret5d_3M,4.969549711917972e-5
