Variable,Importance
roll_sd_ret21d_1Y,0.2455685752846118
corr_sma50_sma200_199d,0.16679369876365513
corr_ema20_sma50_1Y,0.16043457994325772
volat_volu200_251days,0.1389101827539047
volat_ret1d_63days,0.11020565478921318
volat_volu200_31days,0.056645066995279304
roll_sd_intra_day_3M,0.04024731134434758
ma_cross_l,0.04018834571535799
above_sd_ret21d_1Y,0.031664237927361984
above_sd_ret5d_3M,0.006240377270671638
above_sd_intraday_1Y,0.0031019692123389715
