Variable,Importance
sd_abov_ema11,0.14115376477055924
volat_roc21_252d,0.14006358296535285
sd_abov_sma101,0.11942971293419408
sd_abov_sma199,0.10954008599205416
volat_volu200_252d,0.10923437169249346
corr_ema23_sma47_252d,0.10619832256419505
corr_sma50_sma200_252d,0.10249735531838158
corr_ema23_sma101_252d,0.08512958023232887
sd_abov_sma47,0.051063943817784445
sd_abov_ema23,0.03568927971265624
