Variable,Importance
roll_sd_ret21d_1Y,0.3483537593810696
rll_sd_volum200_1Y,0.24605533163772642
sd_abov_sma47,0.1809609429105542
sd_abov_sma199,0.1560030506904637
sd_abov_ema11,0.03469071937422722
sd_abov_ema23,0.01880418363829398
sd_abov_sma101,0.0151320123676649
