Variable,Importance
corr_ema23_sma47_252d,0.16297430085872253
sd_abov_sma199,0.14403845740286178
volat_volu200_252d,0.11721914004038689
volat_roc21_252d,0.11185872078858367
sd_abov_ema11,0.10963405895728394
corr_ema23_sma101_252d,0.09803215903585576
sd_abov_sma101,0.09501640365027722
corr_sma50_sma200_252d,0.06723433447509604
sd_abov_sma47,0.05953635240466719
sd_abov_ema23,0.03445607238626498
